{"schemaVersion":"1.0","appDefinitionTemplate":{"id":"/providers/Microsoft.PowerApps/apps/","type":"Microsoft.PowerApps/apps","tags":{"primaryDeviceWidth":"1366","primaryDeviceHeight":"768","sienaVersion":"20220513T112125Z-3.22051.27.0","deviceCapabilities":"","supportsPortrait":"true","supportsLandscape":"true","primaryFormFactor":"Tablet","publisherVersion":"3.22051.27","minimumRequiredApiVersion":"2.2.0","hasComponent":"false","hasUnlockedComponent":"false","isUnifiedRootApp":"false"},"properties":{"appVersion":"2022-05-13T11:21:25Z","lifeCycleId":"Published","createdByClientVersion":{"major":3,"minor":22051,"build":27,"revision":0,"majorRevision":0,"minorRevision":0},"minClientVersion":{"major":3,"minor":22051,"build":27,"revision":0,"majorRevision":0,"minorRevision":0},"backgroundColor":"RGBA(0,176,240,1)","backgroundImageUri":"/13107363048156157638/N8e51e009-3c97-4508-9e5f-00a42d07800a-logoSmallFile","displayName":"Car dealer_demo","description":"","commitMessage":"","appUris":{"documentUri":{"value":"/13107363048156157638/N71d0b699-4687-481e-8b94-51295882c94e-document.msapp"},"imageUris":[],"additionalUris":[]},"createdTime":"0001-01-01T00:00:00Z","lastModifiedTime":"0001-01-01T00:00:00Z","sharedGroupsCount":0,"sharedUsersCount":0,"icons":{"smallIconUri":"/13107363048156157638/Nea5fdf58-e970-48b6-9dc9-ea0e943dcc61-small.png","mediumIconUri":"/13107363048156157638/N6bb9483f-adb6-4418-8685-4abf8b6c0c1b-medium.png","largeIconUri":"/13107363048156157638/N946f0ea6-ed2d-41b8-bbe5-46006f5b0ddc-large.png","wideIconUri":"/13107363048156157638/Nf9e0c3e5-f552-4d58-a414-f1ac21271ac7-wide.png"},"connectionReferences":{},"databaseReferences":{},"almMode":"Environment","performanceOptimizationEnabled":true,"canConsumeAppPass":true,"executionRestrictions":{"isTeamsOnly":false,"dataLossPreventionEvaluationResult":{"status":"Compliant","lastEvaluationDate":"2022-03-18T11:52:05.0328708Z","violations":[],"violationsByPolicy":[],"violationErrorMessage":"The app uses the following connectors: ."}}},"appType":"ClassicCanvasApp","appComponents":[]}}